"ORD-53517-N1R4G0",3,03769,"Michael Chomyn","Disruptor 540 - 500 L - Tote - July Delivery","Kerrobert",4887,2,022224,007,"SK",51.91159,108.88773
"ORD-57661-V0P3K1",3,08392,"Gerrit Baan","Revenge - 320 Acre","Fertile",66,134,700090,004,"SK",49.39849,101.40234
"ORD-57661-V0P3K1",10,08392,"Gerrit Baan","Pilot - 160 acre - Case","Fertile",500,21,700127,004,"SK",49.39849,101.40234
"ORD-57663-J7W6M6",10,08392,"Gerrit Baan","Pilot - 160 acre - Case","Fertile",500,21,700127,004,"SK",49.39849,101.40234
"ORD-57659-S6B4Z9",8,05279,"Gerrit Baan","Kamikaze - 80 acres - Case","Glen Ewen",144,192,018650,004,"SK",49.07659,102.05094
"ORD-57659-S6B4Z9",30,05279,"Gerrit Baan","Foxxy Pro - 40 acres - Case","Glen Ewen",1200,120,700001,004,"SK",49.07659,102.05094
